{
  "profile": "tabular-data-package",
  "name": "inflation",
  "title": "Annual inflation by GDP deflator and consumer prices",
  "description": "Annual growth rate of the GDP implicit deflator and Inflation measured by the consumer price inde",
  "resources": [{
      "profile": "tabular-data-resource",
      "name": "inflation-gdp",
      "path": "data/inflation-gdp.csv",
      "schema": {
        "fields": [{
            "name": "Country",
            "type": "string"
          },
          {
            "name": "Country Code",
            "type": "string"
          },
          {
            "name": "Year",
            "type": "date",
            "format": "%Y"
          },
          {
            "name": "Inflation",
            "type": "number"
          }
        ]
      }
    },
    {
      "profile": "tabular-data-resource",
      "path": "data/inflation-consumer.csv",
      "schema": {
        "fields": [{
            "name": "Country",
            "type": "string"
          },
          {
            "name": "Country Code",
            "type": "string"
          },
          {
            "name": "Year",
            "type": "date",
            "format": "%Y"
          },
          {
            "name": "Inflation",
            "type": "number"
          }
        ]
      }
    }
  ]
}
