{
  "name": "period-table",
  "title": "Periodic Table",
  "profile": "tabular-data-package",
  "licenses": [{
    "id": "CC0-1.0",
    "title": "CC0 1.0",
    "url": "https://creativecommons.org/publicdomain/zero/1.0/"
  }],
  "resources": [{
    "path": "data.csv",
    "name": "data",
    "profile": "tabular-data-resource",
    "format": "csv",
    "mediatype": "text/csv",
    "encoding": "utf-8",
    "schema": {
      "fields": [{
          "name": "atomic number",
          "type": "integer",
          "format": "default"
        },
        {
          "name": "symbol",
          "type": "string",
          "format": "default"
        },
        {
          "name": "name",
          "type": "string",
          "format": "default"
        },
        {
          "name": "atomic mass",
          "type": "number",
          "format": "default"
        },
        {
          "name": "metal or nonmetal?",
          "type": "string",
          "format": "default"
        }
      ]
    }
  }]
}
